Model,Trial,Train_Loss,Train_Accuracy,Val_Loss,Val_Accuracy,Test_Loss,Test_Accuracy
stats_test,1,0.6298176006359213,0.49057004320295866,0.5892167574650532,0.4861217924629041,0.6155662037230827,0.4918557642765283
stats_test,2,0.5069297545972993,0.4146813446597453,0.4704358924079586,0.4107532053738385,0.4913578492564124,0.4150987865586283
stats_test,3,0.5660148598691996,0.4498619027994248,0.5264943322619876,0.44660245525842057,0.5568980808193619,0.4558713629950479
